EXP 1.9
****************************************************************************************************************************************

     mysql > SELECT * FROM CUSTOMER;
              +-----+---------+----------------+------------+-------------+
              | Id  | NAME    | ADDRESS        | CITY       | PH_NO       |
              +-----+---------+----------------+------------+-------------+
              | 100 | Mishab  | Balussery      | Calicut    | 5345453434  |
              | 101 | Nihal   | Ponoor         | Calicut    | 312313213   |
              | 102 | Aysha   | Koduvally      | Calicut    | 77567675656 |
              | 104 | Aleefa  | Mukkam         | Calicut    | 8989978789  |
              | 105 | Salha   | Mukkam         | Kozhikode  | 99886665    |
              | 106 | Hiba    | Perinthalmanna | Malappuram | 428348234   |
              | 107 | Karthik | Kakkur         | Calicut    | NULL        |
              | 108 | Maanas  | Thamarassery   | Calicut    | NULL        |
              +-----+---------+----------------+------------+-------------+
              8 rows in set (0.00 sec)
              
     mysql > SELECT * FROM PRODUCT;
              +-----+------------+-------+
              | PID | PNAME      | PRICE |
              +-----+------------+-------+
              | 101 | Orange     |    49 |
              | 102 | Apple      |    33 |
              | 103 | Graphe     |    56 |
              | 104 | Banana     |    70 |
              | 105 | Tomato     |    42 |
              | 106 | Onion      |    51 |
              | 107 | Avacado    |    98 |
              | 108 | Pinapple   |    22 |
              | 109 | Anar       |    29 |
              | 110 | Waterlemon |    24 |
              +-----+------------+-------+
              10 rows in set (0.00 sec)
              
     mysql > SELECT * FROM INVOICE_MASTER;
              +---------+---------+------------+
              | INV_ID  | CUST_ID | INV_DATE   |
              +---------+---------+------------+
              |   11088 |     102 | 2023-07-24 |
              |   77088 |     100 | 2023-02-11 |
              |  115256 |     104 | 2023-01-24 |
              |  435256 |     101 | 2023-01-24 |
              |  656456 |     100 | 2023-03-12 |
              |  725356 |     105 | 2023-01-29 |
              | 3325356 |     102 | 2023-05-09 |
              | 5435356 |     101 | 2023-03-12 |
              | 6535356 |     102 | 2023-05-11 |
              | 7784088 |     102 | 2023-02-18 |
              +---------+---------+------------+
              10 rows in set (0.00 sec)
              
     mysql > SELECT * FROM INVOICE_ITEM;
              +---------+------+----------+
              | INV_ID  | PID  | QUANTITY |
              +---------+------+----------+
              |   11088 |  102 |       10 |
              |  115256 |  103 |       10 |
              |  435256 |  110 |       20 |
              |  656456 |  109 |       30 |
              | 5435356 |  106 |       13 |
              | 6535356 |  105 |       11 |
              | 7784088 |  101 |       32 |
              +---------+------+----------+
              7 rows in set (0.00 sec)

-------------------------------------------------------------------------------------------------------------------------------------------------------  

     1-----> Display customer_id, city  who lives either in ‘CLT’ or in ‘MLPRM’
     
     mysql > SELECT Id,CITY FROM CUSTOMER WHERE CITY="Calicut" OR CITY="Malappuram";
              +-----+------------+
              | Id  | CITY       |
              +-----+------------+
              | 100 | Calicut    |
              | 101 | Calicut    |
              | 102 | Calicut    |
              | 104 | Calicut    |
              | 106 | Malappuram |
              | 107 | Calicut    |
              | 108 | Calicut    |
              +-----+------------+
              7 rows in set (0.00 sec)
              
-------------------------------------------------------------------------------------------------------------------------------------------------------  

       2-----> Display product details with an updated price amount(new price = old price+5rs)
              
       mysql > SELECT * FROM PRODUCT;
              +-----+------------+-------+
              | PID | PNAME      | PRICE |
              +-----+------------+-------+
              | 101 | Orange     |    49 |
              | 102 | Apple      |    33 |
              | 103 | Graphe     |    56 |
              | 104 | Banana     |    70 |
              | 105 | Tomato     |    42 |
              | 106 | Onion      |    51 |
              | 107 | Avacado    |    98 |
              | 108 | Pinapple   |    22 |
              | 109 | Anar       |    29 |
              | 110 | Waterlemon |    24 |
              +-----+------------+-------+
              10 rows in set (0.00 sec)
              
       mysql > UPDATE PRODUCT SET PRICE=PRICE+5;
               Query OK, 10 rows affected (0.05 sec)
               Rows matched: 10  Changed: 10  Warnings: 0
               
       mysql > SELECT * FROM PRODUCT;
                +-----+------------+-------+
                | PID | PNAME      | PRICE |
                +-----+------------+-------+
                | 101 | Orange     |    54 |
                | 102 | Apple      |    38 |
                | 103 | Graphe     |    61 |
                | 104 | Banana     |    75 |
                | 105 | Tomato     |    47 |
                | 106 | Onion      |    56 |
                | 107 | Avacado    |   103 |
                | 108 | Pinapple   |    27 |
                | 109 | Anar       |    34 |
                | 110 | Waterlemon |    29 |
                +-----+------------+-------+
                10 rows in set (0.00 sec)
                
-------------------------------------------------------------------------------------------------------------------------------------------------------  

       3-----> Display customer details who doesn’t have phone number and lives in ‘Calicut’ city (use logical operators)
       
       mysql > SELECT * FROM CUSTOMER WHERE PH_NO IS NULL AND CITY="Calicut";
                +-----+---------+--------------+---------+-------+
                | Id  | NAME    | ADDRESS      | CITY    | PH_NO |
                +-----+---------+--------------+---------+-------+
                | 107 | Karthik | Kakkur       | Calicut | NULL  |
                | 108 | Maanas  | Thamarassery | Calicut | NULL  |
                +-----+---------+--------------+---------+-------+
                2 rows in set (0.01 sec)
                
-------------------------------------------------------------------------------------------------------------------------------------------------------  

       4-----> List the product names if it finds any records in the invoice items table has quantity = 10 (use special operators)
       
       mysql > SELECT PNAME FROM PRODUCT WHERE PID IN(SELECT PID FROM INVOICE_ITEM WHERE QUANTITY =10);
                +--------+
                | PNAME  |
                +--------+
                | Apple  |
                | Graphe |
                +--------+
                2 rows in set (0.00 sec)

 =============================================================================================================================================================



//VERIFIED



     
     
     
